vorbehaltlich;Die Genehmigung wird ___ der schriftlichen Zustimmung des Denkmalschutzamtes erteilt.;Разрешение выдается при условии письменного согласия ведомства по охране памятников.;mangels;unbeschadet;anlässlich
Unbeschadet;___ bestehender vertraglicher Verpflichtungen bleibt das gesetzliche Kündigungsrecht unberührt.;Независимо от действующих договорных обязательств законное право на расторжение остается в силе.;Vorbehaltlich;Mangels;Anlässlich
mangels;Das Ermittlungsverfahren wurde von der Staatsanwaltschaft ___ hinreichenden Tatverdachts eingestellt.;Следствие было прекращено прокуратурой за неимением достаточных подозрений в совершении преступления.;unbeschadet;zwecks;bezüglich
Folge;Der Bürger ist verpflichtet, den amtlichen Aufforderungen der Vollzugsbeamten unverzüglich ___ zu leisten.;Гражданин обязан незамедлительно подчиняться официальным требованиям судебных приставов.;Dienst;Recht;Gehorsam
Rechtsbehelf;Gegen diesen Bescheid kann innerhalb eines Monats nach Bekanntgabe ein schriftlicher ___ eingelegt werden.;На это решение в течение одного месяца после объявления может быть подано письменное обжалование.;Vorbehalt;Erlass;Bescheid
Kenntnis;Wir setzen Sie hiermit fristgerecht davon in ___, dass Ihr Antrag nunmehr vollständig vorliegt.;Настоящим мы своевременно ставим вас в известность о том, что ваше заявление получено в полном объеме.;Verstand;Aussicht;Kraft
Last;Dem Beschuldigten wird im behördlichen Bescheid eine fahrlässige Pflichtverletzung zur ___ gelegt.;В ведомственном постановлении обвиняемому вменяется в вину халатное нарушение обязанностей.;Schuld;Strafe;Pflicht
Anwendung;Die neuen verwaltungsrechtlichen Bestimmungen finden ab dem ersten Werktag des Folgejahres ___;Новые положения административного права находят применение с первого рабочего дня следующего года.;Verwendung;Aufnahme;Ausführung
bedarf;Eine bauliche Umnutzung dieser denkmalgeschützten Immobilie ___ der vorherigen Genehmigung.;Строительное перепрофилирование этого охраняемого объекта недвижимости требует предварительного разрешения.;verlangt;fordert;beansprucht
kraft;Der Beamte handelte in rechtmäßiger Ausübung seiner Dienstpflichten ___ seines ihm übertragenen Amtes.;Чиновник действовал при законном исполнении служебных обязанностей в силу возложенной на него должности.;mangels;zwecks;bezüglich
Widerspruch;Falls die festgesetzte Gebühr unberechtigt ist, sollte der Zahlungspflichtige formgerecht ___ erheben.;Если установленный сбор неправомерен, плательщику следует по форме заявить возражение.;Zweifel;Kritik;Vorwurf
erbringen;Der Antragsteller hat den Nachweis der ordnungsgemäßen Entsorgung der Abfälle eigenständig zu ___;Заявитель обязан самостоятельно предоставить подтверждение надлежащей утилизации отходов.;leisten;machen;führen
zwecks;Das betroffene Flurstück wurde ___ genauer Grenzfeststellung von amtlichen Vermessern begangen.;Затронутый земельный участок был осмотрен официальными геодезистами в целях точного установления границ.;mangels;unbeschadet;kraft
unterbleiben;Das unbefugte Abstellen von Kraftfahrzeugen im ausgeschilderten Rettungsweg hat strikt zu ___;Самовольная парковка автотранспорта на обозначенном пути эвакуации должна быть строго исключена.;verbleiben;entfallen;aufhören
entrichten;Die im Leistungsbescheid ausgewiesenen Gebühren sind innerhalb von vierzehn Tagen an die Stadtkasse zu ___;Указанные в уведомлении сборы должны быть уплачены в городскую кассу в течение четырнадцати дней.;verrichten;ausrichten;herrichten
stattzugeben;Nach eingehender Würdigung der Sachlage hat die zuständige Kammer dem gestellten Eilantrag ___;После подробной оценки обстоятельств дела компетентная палата удовлетворила поданное срочное ходатайство.;beizugeben;nachzugeben;aufzugeben
abzuweisen;Die Klage gegen den städtebaulichen Entwicklungsplan war als unbegründet ___;Иск против плана градостроительного развития подлежал отклонению как необоснованный.;zurückzuweisen;fortzuweisen;auszuweisen
nachzukommen;Der Grundstückseigentümer hat der auferlegten Räumpflicht bei starkem Schneefall unverzüglich ___;Собственник земельного участка обязан незамедлительно выполнить возложенную обязанность по уборке снега.;beizukommen;einzukommen;vorkommen
beizubringen;Zur Vervollständigung der Akte ist ein beglaubigter Auszug aus dem Handelsregister ___;Для комплектования дела необходимо предоставить заверенную выписку из торгового реестра.;mitzubringen;vorzubringen;einzubringen
rechtskräftig;Nach Ablauf der gesetzlichen Klagefrist wird der vorliegende Verwaltungsakt unanfechtbar und ___;По истечении законного срока подачи иска настоящий административный акт становится неоспоримым и вступает в законную силу.;rechtmäßig;rechtsfähig;rechtsgültig
Bezüglich;___ Ihres Schreibens vom vergangenen Dienstag teilen wir Ihnen den aktuellen Sachstand mit.;Относительно вашего письма от прошлого вторника сообщаем вам текущее состояние дел.;Anlässlich;Unbeschadet;Kraft
Anlass;Das vorliegende Gutachten gibt der Aufsichtsbehörde keinerlei ___ zu beanstandenden Maßnahmen.;Настоящая экспертиза не дает надзорному органу никакого повода для мер взыскания.;Grund;Ursache;Zweck
Einwand;Gegen die geplante Trassenführung kann bis zum Ende der öffentlichen Auslegung schriftlich ___ erhoben werden.;Против планируемой трассировки до окончания периода публичного ознакомления можно письменно заявить возражение.;Widerspruch;Vorbehalt;Anklage
Bescheid;Nach Abschluss des vorgeschriebenen Prüfverfahrens wird der Fachbereich einen förmlichen ___ erteilen.;После завершения предписанной процедуры проверки профильный отдел вынесет официальное решение.;Befehl;Beschluss;Auftrag
wahren;Um eventuelle Rechtsnachteile zu vermeiden, muss der Bürger die gesetzlich vorgegebene Frist ___;Чтобы избежать возможных правовых невыгод, гражданин обязан соблюсти установленный законом срок.;halten;schonen;sichern
versäumen;Wer die Einspruchsfrist schuldhaft sollte ___, verliert in der Regel alle weiteren Rechtsansprüche.;Тот, кто по своей вине упустит срок подачи протеста, как правило, теряет все дальнейшие правовые претензии.;verpassen;verfehlen;verlieren
Glaubhaftmachung;Zur ___ der entstandenen Mehrkosten genügen im vereinfachten Verfahren vorläufige Belege.;Для обоснования возникших дополнительных расходов в упрощенном порядке достаточно предварительных чеков.;Beglaubigung;Bestätigung;Vernehmung
unverzüglich;Jede wesentliche Änderung der persönlichen Einkommensverhältnisse ist der Behörde ___ mitzuteilen.;О любом существенном изменении личных имущественных условий необходимо незамедлительно уведомить ведомство.;pünktlich;rechtzeitig;beschleunigt
ordnungsgemäß;Die Antragsunterlagen gelten erst dann als eingegangen, wenn sie vollständig und ___ unterzeichnet sind.;Документы заявления считаются поступившими только тогда, когда они полностью и надлежащим образом подписаны.;regelmäßig;vorschriftsvoll;behördlich
abzuwenden;Um akute Gefahren für die öffentliche Sicherheit ___, kann die Behörde das Grundstück betreten.;Для предотвращения острых опасностей для общественной безопасности ведомство может зайти на участок.;umzuwenden;anzuwenden;einzuwenden
einzuhalten;Die im Brandschutzkonzept formulierten Sicherheitsabstände sind während der Bauphase strikt ___;Сформулированные в концепции пожарной безопасности расстояния должны строго соблюдаться в ходе стройки.;aufzuhalten;festzuhalten;behalten
vorzulegen;Der Nachweis über die geleistete Sicherheitsleistung ist der Amtskasse binnen drei Tagen ___;Подтверждение внесения обеспечительного платежа должно быть предъявлено в кассу ведомства в течение трех дней.;abzulegen;beizulegen;einzulegen
entziehen;Bei schwerwiegenden Verstößen gegen Hygieneauflagen kann das Ordnungsamt die Betriebserlaubnis ___;При грубых нарушениях санитарно-гигиенических предписаний отдел правопорядка может отозвать разрешение на эксплуатацию.;abnehmen;kündigen;verweigern
erwirken;Der Gläubiger versuchte beim zuständigen Vollstreckungsgericht, einen Pfändungsbeschluss zu ___;Кредитор попытался добиться в компетентном суде исполнения вынесения постановления об аресте имущества.;erarbeiten;bewirken;auswirken
festzusetzen;Die Höhe der zu erstattenden Auslagen ist im Einzelfall nach pflichtgemäßem Ermessen ___;Размер подлежащих возмещению издержек в отдельном случае надлежит определить по надлежащему усмотрению.;anzusetzen;auszusetzen;einzusetzen
einreichen;Gewerbetreibende müssen ihre Steuererklärungen auf gesichertem elektronischem Wege ___.;Предприниматели обязаны подавать свои налоговые декларации защищенным электронным путем.;abgeben;überreichen;vortragen
gewähren;In besonderen Härtefällen kann die Kommune eine zinslose Stundung der fälligen Gewerbesteuer ___;В исключительных тяжелых случаях муниципалитет может предоставить беспроцентную отсрочку промыслового налога.;abgeben;erteilen;zusichern
anhängig;Das Verfahren zur Feststellung der Schadenshöhe ist derzeit noch beim Oberverwaltungsgericht ___;Процесс по установлению размера ущерба в настоящее время еще находится на рассмотрении в Высшем административном суде.;vorliegend;zuständig;anhaltend
Vorbehalt;Die Überweisung des Förderzuschusses erfolgt unter dem ausdrücklichen ___, dass der Prüfbericht positiv ausfällt.;Перечисление субсидии производится с прямым условием, что отчет ревизии окажется положительным.;Verdacht;Vorwand;Rückhalt
Anlässlich;___ des Inkrafttretens des novellierten Verwaltungsverfahrensgesetzes wurden neue Richtlinien erlassen.;По случаю вступления в силу обновленного закона об административном производстве были изданы новые директивы.;Mangels;Vorbehaltlich;Zufolge