denn;Wo hast du ___ in aller Welt den alten Drehmomentschlüssel wieder hingelegt?;Куда же ты в самом деле снова положил старый динамометрический ключ?;ja;doch;halt
ja;Das ist ___ eine großartige Nachricht, mit der heute wirklich niemand gerechnet hat!;Это же великолепная новость, на которую сегодня действительно никто не рассчитывал!;denn;bloß;wohl
doch;Kommen Sie ___ bitte erst einmal herein und nehmen Sie im Besprechungsraum Platz!;Проходите же, пожалуйста, сначала внутрь и присаживайтесь в комнате переговоров!;denn;halt;eben
halt;Wenn der Zug ersatzlos ausfällt, müssen wir ___ auf den nächsten Regionalbus warten.;Если поезд отменен без замены, нам просто придется ждать следующего регионального автобуса.;denn;bloß;ja
wohl;Nach zehn Stunden harter Arbeit in der Werkstatt wird er jetzt ___ schon schlafen.;После десяти часов тяжелой работы в мастерской он сейчас, пожалуй, уже спит.;denn;bloß;halt
mal;Könntest du mir ___ kurz beim Festhalten der schweren Metallplatte assistieren?;Не мог бы ты мне на секунду помочь придержать тяжелую металлическую пластину?;denn;ja;halt
bloß;Fass das blanke Stromkabel an der Wand ___ nicht mit ungeschützten Händen an!;Только не прикасайся к оголенному электрическому кабелю на стене незащищенными руками!;denn;wohl;halt
denn;Wann beginnt ___ nun eigentlich die angekündigte Sanierung der Eisenbahnbrücke?;Когда же теперь собственно начнется объявленный ремонт железнодорожного моста?;ja;halt;bloß
ja;Du weißt ___, dass die Frist zur Einreichung der Steuererklärung morgen abläuft.;Ты ведь знаешь, что срок подачи налоговой декларации истекает завтра.;denn;bloß;wohl
doch;Das hättest du dem Meister aber ___ wirklich schon viel früher mitteilen müssen!;Но ты же действительно должен был сообщить об этом мастеру гораздо раньше!;denn;halt;eben
eben;Man kann alte Bausubstanz nicht von heute auf morgen sanieren, das dauert ___ seine Zeit.;Нельзя санировать старый фонд со дня на день, это просто требует своего времени.;denn;bloß;ja
wohl;Er wird den versiegelten Brief mit der Kündigung inzwischen ___ erhalten haben.;Он, скорее всего, к настоящему времени уже получил запечатанное письмо с расторжением.;denn;bloß;halt
mal;Lass uns ___ einen kurzen Blick auf den frisch gedruckten Schaltplan werfen!;Давай-ка бросим короткий взгляд на свежераспечатанную принципиальную схему!;denn;ja;halt
nur;Wo habe ich ___ meinen Dienstausweis vor Beginn der Frühschicht hingelegt?;Куда же только я дел свое служебное удостоверение перед началом утренней смены?;ja;halt;doch
denn;Warum hast du dich ___ gestern während der gesamten Teamsitzung so zurückgehalten?;Почему же ты вчера на протяжении всего совещания команды так сдерживался?;ja;halt;bloß
ja;Wir haben das Problem ___ bereits vor zwei Wochen im Gremium ausführlich erörtert.;Мы ведь уже подробно обсуждали эту проблему в комиссии две недели назад.;denn;bloß;wohl
doch;Sei ___ nicht so ungeduldig, der Lack auf dem Rahmen muss erst vollständig aushärten!;Да не будь же таким нетерпеливым, лак на раме должен сначала полностью затвердеть!;denn;halt;eben
halt;Es ist jetzt ___ so passiert, wir müssen uns nun auf die Schadensbegrenzung fokussieren.;Ну вот так уж вышло, нам нужно теперь сфокусироваться на минимизации ущерба.;denn;bloß;ja
wohl;Dieser komplizierte Fehler im Motormanagement lässt sich ___ nur per Diagnosegerät finden.;Эту сложную ошибку в управлении двигателем, видимо, удастся найти лишь сканером.;denn;bloß;halt
mal;Reiche mir ___ bitte die Wasserpumpenzange aus dem Werkzeugkasten herüber!;Передай-ка мне, пожалуйста, сантехнические клещи из ящика с инструментами!;denn;ja;halt
bloß;Vergiss ___ nicht, die Hauptsicherung vor dem Öffnen des Gehäuses herauszudrehen!;Смотри только не забудь выкрутить главный предохранитель перед вскрытием корпуса!;denn;wohl;halt
denn;Was soll ___ dieser ganze bürokratische Aufwand für einen so einfachen Vorgang?;К чему вообще весь этот бюрократический цирк ради такой простой процедуры?;ja;halt;bloß
ja;Es war ___ von Anfang an klar, dass die Materialkosten sprunghaft steigen würden.;Это ведь с самого начала было ясно, что затраты на материалы скачкообразно вырастут.;denn;bloß;wohl
doch;Versuchen Sie es ___ einfach noch einmal mit dem alternativen Entsperrcode!;Попробуйте же просто еще раз с альтернативным кодом разблокировки!;denn;halt;eben
eben;Wer keine ordentliche Dämmung einbaut, muss im Winter ___ mit hohen Heizkosten rechnen.;Кто не устанавливает нормальную изоляцию, вынужден зимой мириться с большими счетами.;denn;bloß;ja
wohl;Der Abteilungsleiter hat die E-Mail mit den geänderten Daten ___ übersehen.;Начальник отдела, видимо, упустил из виду электронное письмо с измененными данными.;denn;bloß;halt
mal;Schau ___ nach, ob der Reifendruck am Hinterrad den Herstellervorgaben entspricht!;Глянь-ка, соответствует ли давление в задней шине предписаниям изготовителя!;denn;ja;halt
nur;Wie konnte dem erfahrenen Prüfer ___ ein so gravierender Berechnungsfehler unterlaufen?;Как только опытный эксперт мог допустить столь серьезную ошибку в расчетах?;ja;halt;doch
denn;Hat der Gutachter ___ mittlerweile den Feuchtigkeitsschaden im Keller dokumentiert?;Задокументировал ли эксперт наконец повреждения от сырости в подвале?;ja;halt;bloß
ja;Man sieht hier ___ ganz deutlich, dass die Schweißnaht nicht fachgerecht ausgeführt wurde.;Здесь же совершенно четко видно, что сварной шов был выполнен не по технологии.;denn;bloß;wohl
doch;Geben Sie den Hoffnungsträgern im Betrieb ___ endlich eine echte berufliche Chance!;Да дайте же подающим надежды работникам на предприятии реальный карьерный шанс!;denn;halt;eben
halt;Wenn die alte Dichtung spröde ist, tropft das Ventil ___, da hilft kein Nachziehen.;Если старая прокладка рассохлась, клапан просто будет капать, подтягивание тут не поможет.;denn;bloß;ja
wohl;Die Sanierung der historischen Fassade wird ___ deutlich mehr Geld kosten als geplant.;Реставрация исторического фасада, пожалуй, обойдется в гораздо большую сумму, чем планировалось.;denn;bloß;halt
mal;Hör ___ genau hin, ob der Elektromotor beim Anlaufen ein schleifendes Geräusch macht!;Послушай-ка внимательно, издает ли электродвигатель при пуске шаркающий звук!;denn;ja;halt
bloß;Lass den Transporter an diesem steilen Hang ___ mit angezogener Handbremse stehen!;Оставляй фургон на этом крутом склоне непременно с затянутым ручным тормозом!;denn;wohl;halt
denn;Wer hat dir ___ diesen unbrauchbaren Ratschlag für die Reparatur gegeben?;Кто же дал тебе этот никуда не годный совет по поводу ремонта?;ja;halt;bloß
ja;Das stand ___ ausdrücklich in den Sicherheitshinweisen auf der Rückseite der Packung!;Это ведь прямо стояло в указаниях по безопасности на обратной стороне упаковки!;denn;bloß;wohl
doch;Lassen wir uns ___ von diesem kleinen Rückschlag nicht sofort entmutigen!;Давайте же не позволим этой небольшой неудаче сразу лишить нас уверенности!;denn;halt;eben
eben;In solchen rechtlichen Angelegenheiten kommt es ___ auf jedes einzelne Wort im Vertrag an.;В подобных юридических вопросах дело именно упирается в каждое отдельное слово в договоре.;denn;bloß;ja
wohl;Sie werden nach dieser anstrengenden Übergabe ___ erst einmal eine Ruhepause brauchen.;Вам после этой выматывающей сдачи объекта, пожалуй, сначала потребуется перерыв на отдых.;denn;bloß;halt