war;Ich ___ gestern wegen eines Arzttermins den ganzen Vormittag unterwegs.;Я вчера из-за приема у врача все утро был в разъездах.;warst;wäre;bin
warst;Wo ___ du gestern Nachmittag, als der Paketbote geklingelt hat?;Где ты был вчера днем, когда звонил курьер с посылкой?;war;bist;wärst
war;Das Wetter an der Nordsee ___ während unseres Urlaubs leider ziemlich stürmisch.;Погода на Северном море во время нашего отпуска была, к сожалению, довольно штормовой.;waren;ist;wäre
waren;Wir ___ am vergangenen Samstag zur Wohnungsbesichtigung in der Innenstadt.;Мы были в прошлую субботу на осмотре квартиры в центре города.;wart;sind;waren gewesen
wart;Warum ___ ihr gestern nicht bei der Eigentümerversammlung im Hausflur?;Почему вы вчера не были на собрании собственников в подъезде?;waren;seid;wärt
waren;Die Straßen in der Altstadt ___ nach dem starken Schneefall komplett gesperrt.;Улицы в старом городе после сильного снегопада были полностью перекрыты.;war;sind;seid
hatte;Ich ___ gestern leider keine Zeit, um die Wäsche aus der Reinigung abzuholen.;У меня вчера, к сожалению, не было времени забрать вещи из химчистки.;hattest;habe;hätte
hattest;Warum ___ du gestern Abend eigentlich so schlechte Laune beim Abendessen?;Почему у тебя вчера вечером вообще было такое плохое настроение за ужином?;hatte;hast;hättest
hatte;Frau Schneider ___ letzte Woche ein wichtiges Gespräch mit dem Vermieter.;У госпожи Шнайдер на прошлой неделе был важный разговор с арендодателем.;hattest;hat;hätte
hatten;Wir ___ damals große Schwierigkeiten bei der Suche nach einer bezahlbaren Wohnung.;У нас тогда были большие трудности с поиском доступной квартиры.;hattet;haben;hätten
hattet;___ ihr am Wochenende viel Spaß auf dem Stadtfest am Marktplatz?;Вы получили удовольствие на выходных на городском празднике на рыночной площади?;hatten;habt;hättet
hatten;Die Fahrgäste ___ wegen der langen Zugverspätung verständlicherweise großen Ärger.;Пассажиры из-за долгого опоздания поезда вполне понятно испытывали сильное раздражение.;hatte;haben;hattet
konnte;Ich ___ gestern wegen des lauten Straßenlärms fast die ganze Nacht nicht schlafen.;Я вчера из-за громкого уличного шума почти всю ночь не мог уснуть.;konntest;könnte;kann
konntest;Warum ___ du gestern die Unterlagen nicht rechtzeitig bei der Postfiliale abgeben?;Почему ты вчера не смог вовремя сдать документы в почтовом отделении?;konnte;kannst;könntest
konnte;Der Mechaniker ___ den Schaden an der Autotür glücklicherweise noch am selben Tag reparieren.;Механик, к счастью, смог отремонтировать повреждение на двери машины в тот же день.;konntest;könnte;kann
konnten;Wir ___ den Mietvertrag nach einer langen Verhandlung endlich unterschreiben.;Мы смогли наконец подписать договор аренды после долгих переговоров.;konntet;können;könnten
konntet;___ ihr gestern Abend noch einen freien Tisch im Restaurant reservieren?;Вы смогли вчера вечером забронировать свободный столик в ресторане?;konnten;könnt;könntet
konnten;Die Handwerker ___ die defekte Heizung gestern leider nicht mehr vor Feierabend reparieren.;Мастера, к сожалению, не смогли отремонтировать сломанное отопление вчера до конца рабочего дня.;konnte;können;könnten
musste;Wegen des Streiks bei den Bussen ___ ich heute früh zwei Kilometer zu Fuß gehen.;Из-за забастовки автобусов я должен был сегодня утром идти два километра пешком.;musstest;müsste;muss
musstest;Warum ___ du gestern so lange im Bürgeramt auf deine Nummer warten?;Почему ты должен был вчера так долго ждать своего номера в ведомстве?;musste;musst;müsstest
musste;Herr Meier ___ seinen Urlaub wegen dringender Termine im Büro kurzfristig verschieben.;Господин Майер был вынужден в короткие сроки перенести отпуск из-за срочных дел в офисе.;musstest;müsste;muss
mussten;Wegen der Baustelle auf der Autobahn ___ wir einen langen Umweg über die Dörfer fahren.;Из-за стройки на автобане мы должны были ехать длинным объездом через деревни.;musstet;müssen;müssten
musstet;___ ihr gestern bei der Passkontrolle am Flughafen wirklich alle Koffer öffnen?;Вам вчера на паспортном контроле в аэропорту действительно пришлось открыть все чемоданы?;mussten;müsst;müsstet
mussten;Alle Mieter im Haus ___ während der Rohrarbeiten für zwei Stunden das Wasser abstellen.;Все жильцы в доме должны были перекрыть воду на два часа во время ремонта труб.;musste;müssen;müssten
durfte;Im Wartezimmer der Arztpraxis ___ ich wegen der Vorschriften kein Smartphone benutzen.;В приемной врача мне из-за правил нельзя было пользоваться смартфоном.;durftest;dürfte;darf
durftest;___ du als Jugendlicher unter der Woche abends eigentlich lange draußen bleiben?;Тебе в подростковом возрасте среди недели по вечерам вообще разрешалось долго оставаться на улице?;durfte;darfst;dürftest
durfte;Während der Reinigungsarbeiten ___ niemand den nassen Flur im Rathaus betreten.;Во время уборки никому нельзя было заходить в мокрый коридор в ратуше.;durftest;dürfte;darf
durften;Wir ___ die alten Möbel vom Vormieter ohne zusätzliche Kosten übernehmen.;Нам разрешили забрать старую мебель от предыдущего жильца без дополнительных расходов.;durftet;dürfen;dürften
durftet;___ ihr im Hotelzimmer eigentlich ein kleines Haustier mitbringen?;Вам разрешалось вообще привезти с собой в номер отеля маленькое домашнее животное?;durften;dürft;dürftet
durften;Die Besucher ___ im Museumsbereich aus Sicherheitsgründen keine Fotos mit Blitz machen.;Посетителям в музейной зоне из соображений безопасности нельзя было фотографировать со вспышкой.;durfte;dürfen;dürften
wollte;Ich ___ dir gestern noch die Einkaufsliste schicken, aber mein Akku war leer.;Я хотел отправить тебе вчера список покупок, но моя батарея села.;wolltest;will;wolle
wolltest;Was ___ du dem Mitarbeiter am Fahrkartenschalter eben eigentlich fragen?;О чем ты только что вообще хотел спросить сотрудника в билетной кассе?;wollte;willst;wolltet
wollte;Der Kunde ___ die beschädigte Ware sofort im Kaufhaus umtauschen.;Клиент хотел сразу обменять поврежденный товар в универмаге.;wolltest;will;wolltet
wollten;Wir ___ am Sonntagnachmittag im Park spazieren gehen, aber es begann plötzlich zu regnen.;Мы хотели прогуляться в воскресенье днем в парке, но внезапно начался дождь.;wolltet;wollen;wollten gewesen
wolltet;Warum ___ ihr gestern nach der Besprechung nicht mehr mit uns zu Mittag essen?;Почему вы вчера после совещания не захотели пообедать с нами?;wollen;wollt;wollet
wollten;Die Nachbarn ___ den alten Gartenzaun schon im letzten Frühjahr erneuern.;Соседи хотели обновить старый садовый забор еще прошлой весной.;wollte;wollen;wolltet
sollte;Laut telefonischer Auskunft ___ ich die Unterlagen noch vor zwölf Uhr einreichen.;Согласно информации по телефону я должен был подать документы еще до двенадцати часов.;solltest;soll;sollt
solltest;Du ___ doch gestern den Wohnungsschlüssel beim Hausmeister abgeben!;Ты же должен был вчера сдать ключ от квартиры коменданту!;sollte;sollst;sollt
sollte;Der Briefbote ___ das Einschreiben nur gegen eine persönliche Unterschrift übergeben.;Почтальон должен был вручить заказное письмо только под личную подпись.;solltest;soll;sollt
sollten;Wir ___ laut Hausordnung ab zweiundzwanzig Uhr im Wohnhaus keinen Lärm mehr machen.;Согласно правилам дома мы должны были не шуметь в жилом доме после двадцати двух часов.;solltet;sollen;sollt